{
  "1269252258110111839": [
    {
      "type": "warning",
      "reason": "a",
      "moderator": 1269252258110111839,
      "guild_id": 1331052889711443968,
      "active": true,
      "timestamp": "2025-06-15T11:39:35.178910",
      "id": 1
    },
    {
      "type": "warning",
      "reason": "ibne",
      "moderator": 1223621096935395350,
      "guild_id": 1331052889711443968,
      "active": true,
      "timestamp": "2025-06-15T11:42:16.192420",
      "id": 2
    }
  ],
  "1223621096935395350": [
    {
      "type": "warning",
      "reason": "mal",
      "moderator": 1223621096935395350,
      "guild_id": 1331052889711443968,
      "active": true,
      "timestamp": "2025-06-15T11:43:47.726901",
      "id": 1
    }
  ],
  "1089637543223496905": [
    {
      "type": "warning",
      "reason": "ayanı denk al",
      "moderator": 1223621096935395350,
      "guild_id": 1331052889711443968,
      "active": true,
      "timestamp": "2025-06-15T11:44:22.763600",
      "id": 1
    }
  ]
}